mode,k_ref,ratio,t_setup,t_solve,t_total,iter,rel_res
forced_0,0,0.0,0.05855405933349781,0.8639260943309637,0.9224801536644615,45.333333333333336,3.7082436207130963e-10
forced_1,1,0.125,0.07580781066644704,0.9319165409979178,1.0077243516643648,47.333333333333336,2.5964047892148274e-10
forced_2,2,0.25,0.08898095399975621,0.8374056416651001,0.9263865956648564,44.0,7.896245411719023e-11
forced_3,3,0.375,0.1255460930018065,0.9313715646664301,1.0569176576682366,45.0,2.585227022233932e-10
forced_4,4,0.5,0.11877881033433368,0.8707261400001395,0.9895049503344732,44.666666666666664,2.1429278998607014e-10
forced_5,5,0.625,0.14612240833472848,0.8817519430012908,1.0278743513360193,45.0,2.4659577652932626e-10
forced_6,6,0.75,0.15416536566529734,0.8631182703344772,1.0172836359997746,43.666666666666664,8.638483345230027e-11
forced_7,7,0.875,0.16384166833207323,0.8504338633307876,1.0142755316628609,44.0,1.9877553239725568e-10
forced_8,8,1.0,0.18808577166782925,0.8710724056654726,1.0591581773333019,43.666666666666664,1.5951742804085515e-10
jsr_adaptive,2.0,0.25,0.09545475133199943,0.8639658286653381,0.9594205799973375,44.0,7.896245411719023e-11
