k_active,rho,amplitude,t_full,t_blind,t_jsr,speedup,iter_full,iter_blind,iter_jsr,delta_iter,max_rel_res
1,0.125,1.0,0.632505894000739,0.5367425439981162,0.5729402123348942,1.1039649170776435,41.0,43.0,41.666666666666664,0.6666666666666643,1.8226190931339716e-10
1,0.125,4.0,0.651284122330253,0.5750721506653159,0.5839614779979456,1.1152861051093925,42.0,43.666666666666664,42.333333333333336,0.3333333333333357,2.1932238614167432e-10
1,0.125,8.0,0.633060858664976,0.5878030513340491,0.5719127080010367,1.1069186779878801,41.666666666666664,45.333333333333336,42.333333333333336,0.6666666666666714,2.0449303081542016e-10
1,0.125,16.0,0.6260440606662693,0.6778952943326052,0.5944035149999157,1.05323075127905,41.333333333333336,48.0,42.333333333333336,1.0,2.513663694514074e-10
2,0.25,1.0,0.5985999893309781,0.5161441346669259,0.575074761666959,1.040908120529976,40.0,41.0,40.0,0.0,2.740654862134262e-10
2,0.25,4.0,0.601017525337132,0.5376418300002115,0.584387635998913,1.0284569493154883,40.0,43.0,40.0,0.0,4.791946154723234e-10
2,0.25,8.0,0.646965373334145,0.5625807453325251,0.5978449203345614,1.0821625330062106,41.333333333333336,45.0,42.0,0.6666666666666643,3.653406257337517e-10
2,0.25,16.0,0.6342184099970231,0.6062559040025614,0.5810747210004289,1.0914575820904708,41.666666666666664,45.666666666666664,41.666666666666664,0.0,3.0425280095985157e-10
4,0.5,1.0,0.5766340396658052,0.4890775223345069,0.538316631000877,1.0711800573459633,37.333333333333336,38.333333333333336,37.333333333333336,0.0,1.6833307019840362e-10
4,0.5,4.0,0.5767206420011158,0.4947335320030106,0.5240676879984676,1.1004697584080059,37.0,38.666666666666664,37.0,0.0,9.955188473358136e-11
4,0.5,8.0,0.5591188753314782,0.5063821353323874,0.5645500136670307,0.9903797038277006,37.0,40.666666666666664,37.0,0.0,1.2572664363702003e-10
4,0.5,16.0,0.5800480633333791,0.5389351126674834,0.5341627430049508,1.085901386664107,37.0,41.333333333333336,36.666666666666664,-0.3333333333333357,1.357657458305046e-10
8,1.0,1.0,0.5564093786694381,0.45447052800106275,0.5557238603335767,1.0012335592994872,35.0,36.0,35.0,0.0,2.9808785784447634e-10
8,1.0,4.0,0.5503875010011446,0.4769748730007753,0.5479601583332018,1.004429779484929,33.0,37.666666666666664,33.0,0.0,1.6479912628798067e-10
8,1.0,8.0,0.5338257473340491,0.472642734333931,0.5260415819987733,1.0147976236131349,32.333333333333336,38.0,32.333333333333336,0.0,1.5565951642301273e-10
8,1.0,16.0,0.5150320109969471,0.4859864273312269,0.5080438149986245,1.0137551049575153,32.0,38.333333333333336,32.0,0.0,1.5475856771961296e-10
